file_path,EDA Report,Data Visualizations,timestamp
.gradio\flagged\file_path\bfb37cd4f2b06be20808\data.csv,"'
 Data Loaded Successfully!

 Summary:
       CountryName CountryCode   BirthRate  InternetUsers  IncomeGroup
count          195         195  195.000000     195.000000          195
unique         195         195         NaN            NaN            4
top          Aruba         ABW         NaN            NaN  High income
freq             1           1         NaN            NaN           67
mean           NaN         NaN   21.469928      42.076471          NaN
std            NaN         NaN   10.605467      29.030788          NaN
min            NaN         NaN    7.900000       0.900000          NaN
25%            NaN         NaN   12.120500      14.520000          NaN
50%            NaN         NaN   19.680000      41.000000          NaN
75%            NaN         NaN   29.759500      66.225000          NaN
max            NaN         NaN   49.661000      96.546800          NaN

 Missing Values:
CountryName      0
CountryCode      0
BirthRate        0
InternetUsers    0
IncomeGroup      0

 AI Insights:
 Here is an analysis of the provided dataset summary:

1. The dataset contains 195 unique countries, each having three variables: CountryName, CountryCode (ISO 3166-1 alpha-2 codes), BirthRate, InternetUsers, and IncomeGroup.

2. It appears that some of the values for BirthRate and InternetUsers are missing as they have NaN mean, std, min, 25th percentile, median (50th percentile), 75th percentile, and max values. However, the count column shows all 195 countries have a value for these variables.

3. Aruba (ABW) has the highest frequency (67 times in the dataset), indicating it might be overrepresented in this dataset compared to other countries. This could be due to sampling methods or specific focus on this country.

4. The mean values for BirthRate and InternetUsers are 21.469928 and 42.076471 respectively, but without knowing the distribution of these variables, we cannot make any definite conclusions about them.

5. The standard deviation (std) for both BirthRate (10.605467) and InternetUsers (29.030788) suggests some variability across countries, indicating that the values are not uniformly distributed.

6. The minimum values for BirthRate and InternetUsers are 7.9 and 0.9 respectively, suggesting that some countries have a relatively lower birth rate and internet user population compared to others.

7. Without information about outliers or extreme values, it's hard to say much about the maximum values for BirthRate (49.661) and InternetUsers (96.5468). However, these values suggest that some countries may have significantly higher birth rates and internet user populations than others.

8. The IncomeGroup variable has only 4 unique values, suggesting that countries are categorized into one of four income groups: High income, Upper middle income, Lower middle income, and Low income. Unfortunately, the dataset does not provide information about the distribution of these income groups among the countries.

In conclusion, the dataset provides an overview of birth rates, internet user populations, and income groups for 195 countries. However, it lacks detailed information about outliers, extreme values, or distribution patterns, which are crucial for in-depth analysis and comparative studies.","[{""image"": "".gradio\\flagged\\Data Visualizations\\d734c0a21eb7554cd323\\BirthRate_distribution.png"", ""caption"": null}, {""image"": "".gradio\\flagged\\Data Visualizations\\d5ead78350fddb584d2d\\InternetUsers_distribution.png"", ""caption"": null}, {""image"": "".gradio\\flagged\\Data Visualizations\\c130d936b7c41fc630a4\\correlation_heatmap.png"", ""caption"": null}]",2025-06-07 02:45:44.347599
